ts_code,trade_date,buy_sm_amount,sell_sm_amount,buy_md_amount,sell_md_amount,buy_lg_amount,sell_lg_amount,buy_elg_amount,sell_elg_amount,net_mf_amount,source,source_version,field_definition,fetched_at
600150.SH,2025-05-26,26223.36,22430.86,21475.73,21265.13,15110.51,16920.11,2792.98,4986.48,658.56,tushare,tushare.moneyflow,Amounts are inferred by vendor order-size classification; net_mf_amount is source value or derived from buy/sell amount components when source net is null.,2026-06-25 23:24:32
600150.SH,2025-05-27,21954.03,22656.32,19160.57,18248.3,11350.95,11099.31,2706.35,3167.98,-7639.5,tushare,tushare.moneyflow,Amounts are inferred by vendor order-size classification; net_mf_amount is source value or derived from buy/sell amount components when source net is null.,2026-06-25 23:24:32
600150.SH,2025-05-28,24478.71,23587.84,18870.01,18834.4,12452.17,12780.07,3319.88,3918.45,-7988.22,tushare,tushare.moneyflow,Amounts are inferred by vendor order-size classification; net_mf_amount is source value or derived from buy/sell amount components when source net is null.,2026-06-25 23:24:32
600150.SH,2025-05-29,26196.28,23432.86,19797.2,20090.49,11321.31,12468.36,2349.27,3672.34,1318.03,tushare,tushare.moneyflow,Amounts are inferred by vendor order-size classification; net_mf_amount is source value or derived from buy/sell amount components when source net is null.,2026-06-25 23:24:32
600150.SH,2025-05-30,31862.31,35627.5,26286.45,25510.99,16341.48,13284.12,5582.6,5650.24,-9470.17,tushare,tushare.moneyflow,Amounts are inferred by vendor order-size classification; net_mf_amount is source value or derived from buy/sell amount components when source net is null.,2026-06-25 23:24:32
600150.SH,2025-06-03,24853.3,24203.84,25988.44,28128.94,13574.57,13568.1,5891.08,4406.52,-2113.1,tushare,tushare.moneyflow,Amounts are inferred by vendor order-size classification; net_mf_amount is source value or derived from buy/sell amount components when source net is null.,2026-06-25 23:24:32
600150.SH,2025-06-04,24070.93,23955.19,21387.3,21400.63,12969.66,13937.71,4489.83,3624.18,745.71,tushare,tushare.moneyflow,Amounts are inferred by vendor order-size classification; net_mf_amount is source value or derived from buy/sell amount components when source net is null.,2026-06-25 23:24:32
600150.SH,2025-06-05,28330.97,28006.8,25509.46,25897.04,15077.56,15546.78,7669.19,7136.56,-19133.16,tushare,tushare.moneyflow,Amounts are inferred by vendor order-size classification; net_mf_amount is source value or derived from buy/sell amount components when source net is null.,2026-06-25 23:24:32
600150.SH,2025-06-06,24221.23,22418.76,20942.71,21580.16,12440.55,11720.76,3390.25,5275.05,-4494.15,tushare,tushare.moneyflow,Amounts are inferred by vendor order-size classification; net_mf_amount is source value or derived from buy/sell amount components when source net is null.,2026-06-25 23:24:32
600150.SH,2025-06-09,28769.09,29044.59,30206.1,30636.9,18866.75,17792.64,4342.46,4710.28,926.45,tushare,tushare.moneyflow,Amounts are inferred by vendor order-size classification; net_mf_amount is source value or derived from buy/sell amount components when source net is null.,2026-06-25 23:24:32
600150.SH,2025-06-10,42438.28,40997.23,36332.74,34571.97,21048.81,22496.18,8496.16,10250.62,-32762.38,tushare,tushare.moneyflow,Amounts are inferred by vendor order-size classification; net_mf_amount is source value or derived from buy/sell amount components when source net is null.,2026-06-25 23:24:32
600150.SH,2025-06-11,32969.92,31121.27,26478.38,28038.69,15291.28,15352.9,4130.0,4356.72,9401.97,tushare,tushare.moneyflow,Amounts are inferred by vendor order-size classification; net_mf_amount is source value or derived from buy/sell amount components when source net is null.,2026-06-25 23:24:32
600150.SH,2025-06-12,23186.02,21688.15,16973.06,16162.96,11538.44,10265.93,1812.9,5393.38,-1188.75,tushare,tushare.moneyflow,Amounts are inferred by vendor order-size classification; net_mf_amount is source value or derived from buy/sell amount components when source net is null.,2026-06-25 23:24:32
600150.SH,2025-06-13,41554.67,41287.05,33830.26,31096.02,17441.0,19258.12,3081.32,4266.07,9490.8,tushare,tushare.moneyflow,Amounts are inferred by vendor order-size classification; net_mf_amount is source value or derived from buy/sell amount components when source net is null.,2026-06-25 23:24:32
600150.SH,2025-06-16,32555.89,32955.92,28573.94,27981.18,16838.04,17248.57,4746.18,4528.38,8800.54,tushare,tushare.moneyflow,Amounts are inferred by vendor order-size classification; net_mf_amount is source value or derived from buy/sell amount components when source net is null.,2026-06-25 23:24:32
600150.SH,2025-06-17,26937.93,25899.39,23089.31,23137.87,14721.9,14946.06,3274.99,4040.81,7536.97,tushare,tushare.moneyflow,Amounts are inferred by vendor order-size classification; net_mf_amount is source value or derived from buy/sell amount components when source net is null.,2026-06-25 23:24:32
600150.SH,2025-06-18,37251.76,38978.49,38989.27,39948.03,26525.35,26385.74,11824.65,9278.77,4032.0,tushare,tushare.moneyflow,Amounts are inferred by vendor order-size classification; net_mf_amount is source value or derived from buy/sell amount components when source net is null.,2026-06-25 23:24:32
600150.SH,2025-06-19,41558.73,42568.02,35777.11,37157.13,23733.94,22161.3,11033.06,10216.38,-20777.41,tushare,tushare.moneyflow,Amounts are inferred by vendor order-size classification; net_mf_amount is source value or derived from buy/sell amount components when source net is null.,2026-06-25 23:24:32
600150.SH,2025-06-20,29253.88,28092.08,27308.64,27311.5,15181.17,15879.54,3942.55,4403.13,4797.75,tushare,tushare.moneyflow,Amounts are inferred by vendor order-size classification; net_mf_amount is source value or derived from buy/sell amount components when source net is null.,2026-06-25 23:24:32
600150.SH,2025-06-23,35691.34,33177.07,28878.47,29564.83,20449.17,20420.92,5244.89,7101.06,15749.32,tushare,tushare.moneyflow,Amounts are inferred by vendor order-size classification; net_mf_amount is source value or derived from buy/sell amount components when source net is null.,2026-06-25 23:24:32
600150.SH,2025-06-24,35875.53,34343.88,32840.85,31903.94,21908.8,19731.49,4832.58,9478.45,-12582.12,tushare,tushare.moneyflow,Amounts are inferred by vendor order-size classification; net_mf_amount is source value or derived from buy/sell amount components when source net is null.,2026-06-25 23:24:32
600150.SH,2025-06-25,53190.61,53664.5,50373.27,54659.01,34011.13,33498.65,14687.16,10440.02,22616.87,tushare,tushare.moneyflow,Amounts are inferred by vendor order-size classification; net_mf_amount is source value or derived from buy/sell amount components when source net is null.,2026-06-25 23:24:32
600150.SH,2025-06-26,77468.64,80991.83,71917.77,77519.07,55980.55,48213.44,19345.35,17987.96,-10159.49,tushare,tushare.moneyflow,Amounts are inferred by vendor order-size classification; net_mf_amount is source value or derived from buy/sell amount components when source net is null.,2026-06-25 23:24:32
600150.SH,2025-06-27,47018.78,43530.04,42901.89,42410.2,28573.87,27375.11,10289.55,15468.75,1649.84,tushare,tushare.moneyflow,Amounts are inferred by vendor order-size classification; net_mf_amount is source value or derived from buy/sell amount components when source net is null.,2026-06-25 23:24:32
600150.SH,2025-06-30,72000.46,71791.61,63130.22,66737.3,42901.49,42606.04,19311.31,16208.54,6257.24,tushare,tushare.moneyflow,Amounts are inferred by vendor order-size classification; net_mf_amount is source value or derived from buy/sell amount components when source net is null.,2026-06-25 23:24:32
600150.SH,2025-07-01,95232.82,96476.82,91719.95,89829.76,60904.28,58608.03,17853.8,20796.24,31248.2,tushare,tushare.moneyflow,Amounts are inferred by vendor order-size classification; net_mf_amount is source value or derived from buy/sell amount components when source net is null.,2026-06-25 23:24:32
600150.SH,2025-07-02,87344.06,89600.07,79142.58,82175.85,53086.45,53429.9,28194.72,22562.0,-40632.81,tushare,tushare.moneyflow,Amounts are inferred by vendor order-size classification; net_mf_amount is source value or derived from buy/sell amount components when source net is null.,2026-06-25 23:24:32
600150.SH,2025-07-03,70841.66,67077.73,60501.19,60725.97,36601.58,35652.68,12357.63,16845.69,-4356.02,tushare,tushare.moneyflow,Amounts are inferred by vendor order-size classification; net_mf_amount is source value or derived from buy/sell amount components when source net is null.,2026-06-25 23:24:32
600150.SH,2025-07-04,56672.16,54552.41,47616.46,48038.21,30205.66,30457.45,12389.21,13835.41,-22047.42,tushare,tushare.moneyflow,Amounts are inferred by vendor order-size classification; net_mf_amount is source value or derived from buy/sell amount components when source net is null.,2026-06-25 23:24:32
600150.SH,2025-07-07,74524.93,74505.87,67589.44,67039.55,45064.95,46470.21,18120.2,17283.9,-5815.55,tushare,tushare.moneyflow,Amounts are inferred by vendor order-size classification; net_mf_amount is source value or derived from buy/sell amount components when source net is null.,2026-06-25 23:24:32
600150.SH,2025-07-08,52799.59,51506.45,46754.15,48042.7,32358.4,33035.42,11949.08,11276.65,-16287.51,tushare,tushare.moneyflow,Amounts are inferred by vendor order-size classification; net_mf_amount is source value or derived from buy/sell amount components when source net is null.,2026-06-25 23:24:32
600150.SH,2025-07-09,52076.59,53090.67,42227.08,43690.64,31479.74,28859.02,12225.77,12368.84,-33518.1,tushare,tushare.moneyflow,Amounts are inferred by vendor order-size classification; net_mf_amount is source value or derived from buy/sell amount components when source net is null.,2026-06-25 23:24:32
600150.SH,2025-07-10,43713.38,41677.68,38243.56,42020.27,24545.37,22839.38,7983.44,7948.44,-13088.61,tushare,tushare.moneyflow,Amounts are inferred by vendor order-size classification; net_mf_amount is source value or derived from buy/sell amount components when source net is null.,2026-06-25 23:24:32
600150.SH,2025-07-11,221896.9,207126.88,208951.3,197904.61,143001.6,139859.55,41352.94,70311.7,150095.45,tushare,tushare.moneyflow,Amounts are inferred by vendor order-size classification; net_mf_amount is source value or derived from buy/sell amount components when source net is null.,2026-06-25 23:24:32
600150.SH,2025-07-14,111143.54,110000.96,90499.98,92868.85,53655.95,51836.78,24887.62,25480.5,-54625.96,tushare,tushare.moneyflow,Amounts are inferred by vendor order-size classification; net_mf_amount is source value or derived from buy/sell amount components when source net is null.,2026-06-25 23:24:32
600150.SH,2025-07-15,68289.14,72371.66,56593.62,59932.2,35572.11,32380.32,11659.97,7430.65,-6518.7,tushare,tushare.moneyflow,Amounts are inferred by vendor order-size classification; net_mf_amount is source value or derived from buy/sell amount components when source net is null.,2026-06-25 23:24:32
600150.SH,2025-07-16,43697.19,42981.51,36196.18,36060.42,20659.97,20502.63,11259.02,12267.8,-13579.27,tushare,tushare.moneyflow,Amounts are inferred by vendor order-size classification; net_mf_amount is source value or derived from buy/sell amount components when source net is null.,2026-06-25 23:24:32
600150.SH,2025-07-17,53902.15,55039.95,48406.72,53320.36,30884.33,26333.76,13638.97,12138.09,-15122.73,tushare,tushare.moneyflow,Amounts are inferred by vendor order-size classification; net_mf_amount is source value or derived from buy/sell amount components when source net is null.,2026-06-25 23:24:32
600150.SH,2025-07-18,50851.57,50810.65,45251.54,44794.19,29142.93,30336.15,13776.37,13081.43,5755.18,tushare,tushare.moneyflow,Amounts are inferred by vendor order-size classification; net_mf_amount is source value or derived from buy/sell amount components when source net is null.,2026-06-25 23:24:32
600150.SH,2025-07-21,98049.04,103982.37,97121.64,97937.96,68711.9,61205.31,25911.09,26668.04,6950.04,tushare,tushare.moneyflow,Amounts are inferred by vendor order-size classification; net_mf_amount is source value or derived from buy/sell amount components when source net is null.,2026-06-25 23:24:32
600150.SH,2025-07-22,68259.85,66858.65,57697.55,59259.62,41476.42,42987.77,21071.1,19398.9,-18296.88,tushare,tushare.moneyflow,Amounts are inferred by vendor order-size classification; net_mf_amount is source value or derived from buy/sell amount components when source net is null.,2026-06-25 23:24:32
600150.SH,2025-07-23,60005.48,55918.68,52939.38,55594.5,43742.24,44763.19,18447.74,18858.47,-15230.24,tushare,tushare.moneyflow,Amounts are inferred by vendor order-size classification; net_mf_amount is source value or derived from buy/sell amount components when source net is null.,2026-06-25 23:24:32
600150.SH,2025-07-24,56931.45,56317.49,54689.55,53121.48,34676.26,34456.3,13587.68,15989.67,18307.96,tushare,tushare.moneyflow,Amounts are inferred by vendor order-size classification; net_mf_amount is source value or derived from buy/sell amount components when source net is null.,2026-06-25 23:24:32
600150.SH,2025-07-25,71329.44,78324.68,68421.42,71368.2,50819.49,44620.93,19576.36,15832.9,-11838.9,tushare,tushare.moneyflow,Amounts are inferred by vendor order-size classification; net_mf_amount is source value or derived from buy/sell amount components when source net is null.,2026-06-25 23:24:32
600150.SH,2025-07-28,60059.75,63870.73,53443.67,55166.79,42241.05,38517.83,14042.87,12231.99,-36680.09,tushare,tushare.moneyflow,Amounts are inferred by vendor order-size classification; net_mf_amount is source value or derived from buy/sell amount components when source net is null.,2026-06-25 23:24:32
600150.SH,2025-07-29,48791.56,48477.76,42156.26,44372.33,29393.0,28231.26,12457.33,11716.82,3543.41,tushare,tushare.moneyflow,Amounts are inferred by vendor order-size classification; net_mf_amount is source value or derived from buy/sell amount components when source net is null.,2026-06-25 23:24:32
600150.SH,2025-07-30,60366.77,61057.61,58166.47,58484.28,41690.29,38641.15,14694.89,16735.39,-17299.07,tushare,tushare.moneyflow,Amounts are inferred by vendor order-size classification; net_mf_amount is source value or derived from buy/sell amount components when source net is null.,2026-06-25 23:24:32
600150.SH,2025-07-31,60565.5,63698.94,59669.34,63665.09,41496.19,41015.46,26569.09,19920.63,-43924.81,tushare,tushare.moneyflow,Amounts are inferred by vendor order-size classification; net_mf_amount is source value or derived from buy/sell amount components when source net is null.,2026-06-25 23:24:32
600150.SH,2025-08-01,53792.7,53214.05,48614.19,47055.97,29593.76,26997.23,8527.95,13261.34,-7144.52,tushare,tushare.moneyflow,Amounts are inferred by vendor order-size classification; net_mf_amount is source value or derived from buy/sell amount components when source net is null.,2026-06-25 23:24:32
600150.SH,2025-08-04,45728.83,41093.61,46589.69,46888.84,29337.67,33173.86,9302.94,9802.82,9114.57,tushare,tushare.moneyflow,Amounts are inferred by vendor order-size classification; net_mf_amount is source value or derived from buy/sell amount components when source net is null.,2026-06-25 23:24:32
600150.SH,2025-08-05,123046.75,115816.37,115606.15,113519.57,70262.55,75758.73,27012.24,30833.02,18153.56,tushare,tushare.moneyflow,Amounts are inferred by vendor order-size classification; net_mf_amount is source value or derived from buy/sell amount components when source net is null.,2026-06-25 23:24:32
600150.SH,2025-08-06,255070.79,248757.76,270618.1,266107.69,187793.93,205614.2,132192.31,125195.48,129029.79,tushare,tushare.moneyflow,Amounts are inferred by vendor order-size classification; net_mf_amount is source value or derived from buy/sell amount components when source net is null.,2026-06-25 23:24:32
600150.SH,2025-08-07,322513.41,291060.35,317754.27,304597.49,207589.57,220437.85,96061.62,127823.17,-28506.13,tushare,tushare.moneyflow,Amounts are inferred by vendor order-size classification; net_mf_amount is source value or derived from buy/sell amount components when source net is null.,2026-06-25 23:24:32
600150.SH,2025-08-08,189859.28,188824.34,206508.32,201122.14,131800.37,139495.8,71665.05,70390.74,-7856.04,tushare,tushare.moneyflow,Amounts are inferred by vendor order-size classification; net_mf_amount is source value or derived from buy/sell amount components when source net is null.,2026-06-25 23:24:32
600150.SH,2025-08-11,207196.46,197592.28,184564.36,181008.09,112366.5,122400.02,60822.68,63949.62,-105627.97,tushare,tushare.moneyflow,Amounts are inferred by vendor order-size classification; net_mf_amount is source value or derived from buy/sell amount components when source net is null.,2026-06-25 23:24:32
600150.SH,2025-08-12,206156.8,191002.72,189208.5,180435.6,143441.45,141077.24,67560.44,93851.62,-5037.67,tushare,tushare.moneyflow,Amounts are inferred by vendor order-size classification; net_mf_amount is source value or derived from buy/sell amount components when source net is null.,2026-06-25 23:24:32
600150.SH,2025-08-19,343685.62,299229.03,330987.05,322512.31,205509.46,239212.4,95723.29,114951.69,-138753.15,tushare,tushare.moneyflow,Amounts are inferred by vendor order-size classification; net_mf_amount is source value or derived from buy/sell amount components when source net is null.,2026-06-25 23:24:32
600150.SH,2025-08-20,200513.0,179958.17,188399.81,185941.38,127196.13,139046.89,48733.71,59896.21,26051.75,tushare,tushare.moneyflow,Amounts are inferred by vendor order-size classification; net_mf_amount is source value or derived from buy/sell amount components when source net is null.,2026-06-25 23:24:32
600150.SH,2025-08-21,127392.22,122500.34,120348.4,118648.42,80806.54,85331.0,22486.91,24554.31,-45816.92,tushare,tushare.moneyflow,Amounts are inferred by vendor order-size classification; net_mf_amount is source value or derived from buy/sell amount components when source net is null.,2026-06-25 23:24:32
600150.SH,2025-08-22,139702.61,128013.34,132258.97,131894.06,92701.08,98415.24,36478.54,42818.57,-8626.07,tushare,tushare.moneyflow,Amounts are inferred by vendor order-size classification; net_mf_amount is source value or derived from buy/sell amount components when source net is null.,2026-06-25 23:24:32
600150.SH,2025-08-25,168257.81,156691.09,160383.96,154160.37,117457.13,139175.5,54077.3,50149.24,527.76,tushare,tushare.moneyflow,Amounts are inferred by vendor order-size classification; net_mf_amount is source value or derived from buy/sell amount components when source net is null.,2026-06-25 23:24:32
600150.SH,2025-08-26,126147.98,111955.74,119700.91,110382.4,85997.69,103376.48,48664.31,54796.26,-86382.82,tushare,tushare.moneyflow,Amounts are inferred by vendor order-size classification; net_mf_amount is source value or derived from buy/sell amount components when source net is null.,2026-06-25 23:24:32
600150.SH,2025-08-27,125749.87,121861.31,117537.41,124729.88,77194.1,82789.28,42390.8,33491.71,-45138.51,tushare,tushare.moneyflow,Amounts are inferred by vendor order-size classification; net_mf_amount is source value or derived from buy/sell amount components when source net is null.,2026-06-25 23:24:32
600150.SH,2025-08-28,128208.2,120458.32,106532.35,108180.69,65273.62,66660.08,27145.03,31860.12,-19481.36,tushare,tushare.moneyflow,Amounts are inferred by vendor order-size classification; net_mf_amount is source value or derived from buy/sell amount components when source net is null.,2026-06-25 23:24:32
600150.SH,2025-08-29,138936.16,137343.06,146844.58,142672.47,100127.58,99817.27,45386.1,51461.62,29689.07,tushare,tushare.moneyflow,Amounts are inferred by vendor order-size classification; net_mf_amount is source value or derived from buy/sell amount components when source net is null.,2026-06-25 23:24:32
600150.SH,2025-09-01,199449.1,202875.34,201189.59,202962.88,138620.9,145850.19,86539.81,74110.99,53531.16,tushare,tushare.moneyflow,Amounts are inferred by vendor order-size classification; net_mf_amount is source value or derived from buy/sell amount components when source net is null.,2026-06-25 23:24:32
600150.SH,2025-09-02,129027.39,133318.13,135518.42,137663.97,92970.81,85504.44,38110.94,39141.01,-47680.89,tushare,tushare.moneyflow,Amounts are inferred by vendor order-size classification; net_mf_amount is source value or derived from buy/sell amount components when source net is null.,2026-06-25 23:24:32
600150.SH,2025-09-03,135836.64,139390.25,138414.82,146717.48,122919.21,113021.07,47661.23,45703.1,-53127.79,tushare,tushare.moneyflow,Amounts are inferred by vendor order-size classification; net_mf_amount is source value or derived from buy/sell amount components when source net is null.,2026-06-25 23:24:32
600150.SH,2025-09-04,157586.05,167311.02,166830.92,197260.08,146949.9,147633.48,103073.84,62236.13,29685.09,tushare,tushare.moneyflow,Amounts are inferred by vendor order-size classification; net_mf_amount is source value or derived from buy/sell amount components when source net is null.,2026-06-25 23:24:32
600150.SH,2025-09-05,175899.32,181768.59,185513.66,200326.34,160457.97,160915.03,83847.63,62708.62,56603.33,tushare,tushare.moneyflow,Amounts are inferred by vendor order-size classification; net_mf_amount is source value or derived from buy/sell amount components when source net is null.,2026-06-25 23:24:32
600150.SH,2025-09-08,131777.2,125545.24,127286.63,132891.6,89609.53,89228.22,45709.31,46717.61,-91956.36,tushare,tushare.moneyflow,Amounts are inferred by vendor order-size classification; net_mf_amount is source value or derived from buy/sell amount components when source net is null.,2026-06-25 23:24:32
600150.SH,2025-09-09,92397.72,87239.25,84397.53,85553.66,54600.2,51862.05,20565.19,27305.68,-37488.77,tushare,tushare.moneyflow,Amounts are inferred by vendor order-size classification; net_mf_amount is source value or derived from buy/sell amount components when source net is null.,2026-06-25 23:24:32
600150.SH,2025-09-10,93063.28,89460.95,82331.25,81783.77,54956.01,53426.45,18228.63,23908.0,-3634.7,tushare,tushare.moneyflow,Amounts are inferred by vendor order-size classification; net_mf_amount is source value or derived from buy/sell amount components when source net is null.,2026-06-25 23:24:32
600150.SH,2025-09-11,90714.4,82517.66,86747.77,83280.94,51195.15,60267.31,24912.65,27504.06,-6148.93,tushare,tushare.moneyflow,Amounts are inferred by vendor order-size classification; net_mf_amount is source value or derived from buy/sell amount components when source net is null.,2026-06-25 23:24:32
600150.SH,2025-09-12,83908.29,84531.19,83438.94,82619.5,54209.81,53794.43,21260.95,21872.87,-26743.01,tushare,tushare.moneyflow,Amounts are inferred by vendor order-size classification; net_mf_amount is source value or derived from buy/sell amount components when source net is null.,2026-06-25 23:24:32
600150.SH,2025-09-15,106392.22,107777.75,107338.77,109761.98,72361.7,69208.7,33407.58,32751.84,12477.37,tushare,tushare.moneyflow,Amounts are inferred by vendor order-size classification; net_mf_amount is source value or derived from buy/sell amount components when source net is null.,2026-06-25 23:24:32
600150.SH,2025-09-16,214309.36,204290.42,174965.62,172970.06,104559.66,114672.52,47116.24,49017.88,-122930.49,tushare,tushare.moneyflow,Amounts are inferred by vendor order-size classification; net_mf_amount is source value or derived from buy/sell amount components when source net is null.,2026-06-25 23:24:32
600150.SH,2025-09-17,187399.1,167543.07,157211.38,165606.8,92422.6,103920.71,54870.29,54832.8,-72822.43,tushare,tushare.moneyflow,Amounts are inferred by vendor order-size classification; net_mf_amount is source value or derived from buy/sell amount components when source net is null.,2026-06-25 23:24:32
600150.SH,2025-09-18,213829.7,188347.86,183441.53,174279.79,129092.79,139177.32,53377.47,77936.53,-97514.2,tushare,tushare.moneyflow,Amounts are inferred by vendor order-size classification; net_mf_amount is source value or derived from buy/sell amount components when source net is null.,2026-06-25 23:24:32
600150.SH,2025-09-19,89872.73,83361.8,79312.59,80069.02,49129.84,52217.54,19987.46,22654.25,-9999.32,tushare,tushare.moneyflow,Amounts are inferred by vendor order-size classification; net_mf_amount is source value or derived from buy/sell amount components when source net is null.,2026-06-25 23:24:32
600150.SH,2025-09-22,130553.25,127036.99,119133.06,118396.08,77422.82,75393.34,22214.24,28496.95,25961.08,tushare,tushare.moneyflow,Amounts are inferred by vendor order-size classification; net_mf_amount is source value or derived from buy/sell amount components when source net is null.,2026-06-25 23:24:32
600150.SH,2025-09-23,98152.75,91312.31,88469.0,86480.37,55485.72,60571.12,19935.9,23679.57,-28481.78,tushare,tushare.moneyflow,Amounts are inferred by vendor order-size classification; net_mf_amount is source value or derived from buy/sell amount components when source net is null.,2026-06-25 23:24:32
600150.SH,2025-09-24,64193.77,61278.01,60218.83,61862.45,44768.66,45408.36,25458.54,26090.99,9872.21,tushare,tushare.moneyflow,Amounts are inferred by vendor order-size classification; net_mf_amount is source value or derived from buy/sell amount components when source net is null.,2026-06-25 23:24:32
600150.SH,2025-09-25,74285.63,69858.83,69977.09,68957.23,42411.45,46647.81,22066.21,23276.51,-13508.49,tushare,tushare.moneyflow,Amounts are inferred by vendor order-size classification; net_mf_amount is source value or derived from buy/sell amount components when source net is null.,2026-06-25 23:24:32
600150.SH,2025-09-26,77310.44,75051.3,71968.57,71268.43,44670.8,43022.62,15904.86,20512.33,-4063.87,tushare,tushare.moneyflow,Amounts are inferred by vendor order-size classification; net_mf_amount is source value or derived from buy/sell amount components when source net is null.,2026-06-25 23:24:32
600150.SH,2025-09-29,98404.01,87126.17,94540.33,89308.16,70067.75,74114.27,29080.0,41543.49,-924.56,tushare,tushare.moneyflow,Amounts are inferred by vendor order-size classification; net_mf_amount is source value or derived from buy/sell amount components when source net is null.,2026-06-25 23:24:32
600150.SH,2025-09-30,101105.01,83506.23,95667.76,92592.41,69326.6,74837.25,33404.14,48567.62,-26056.83,tushare,tushare.moneyflow,Amounts are inferred by vendor order-size classification; net_mf_amount is source value or derived from buy/sell amount components when source net is null.,2026-06-25 23:24:32
600150.SH,2025-10-09,133787.32,119818.74,118364.36,110840.26,76292.43,82919.15,30026.31,44892.26,41077.32,tushare,tushare.moneyflow,Amounts are inferred by vendor order-size classification; net_mf_amount is source value or derived from buy/sell amount components when source net is null.,2026-06-25 23:24:32
600150.SH,2025-10-10,105749.7,112456.57,96275.19,102203.53,65362.59,63488.28,34701.76,23940.87,-38108.46,tushare,tushare.moneyflow,Amounts are inferred by vendor order-size classification; net_mf_amount is source value or derived from buy/sell amount components when source net is null.,2026-06-25 23:24:32
600150.SH,2025-10-13,99655.02,95641.37,94857.74,95779.7,65098.43,58679.44,18548.3,28058.98,-5312.24,tushare,tushare.moneyflow,Amounts are inferred by vendor order-size classification; net_mf_amount is source value or derived from buy/sell amount components when source net is null.,2026-06-25 23:24:32
600150.SH,2025-10-14,153984.24,155012.11,135395.13,138637.96,88265.31,90798.86,36847.27,30043.02,24648.65,tushare,tushare.moneyflow,Amounts are inferred by vendor order-size classification; net_mf_amount is source value or derived from buy/sell amount components when source net is null.,2026-06-25 23:24:32
600150.SH,2025-10-15,101942.96,104880.4,94256.98,88659.68,55317.47,52952.0,21899.21,26924.53,-6815.43,tushare,tushare.moneyflow,Amounts are inferred by vendor order-size classification; net_mf_amount is source value or derived from buy/sell amount components when source net is null.,2026-06-25 23:24:32
600150.SH,2025-10-16,87205.72,81669.58,80142.76,81823.48,51348.42,51603.74,16433.14,20033.23,3221.52,tushare,tushare.moneyflow,Amounts are inferred by vendor order-size classification; net_mf_amount is source value or derived from buy/sell amount components when source net is null.,2026-06-25 23:24:32
600150.SH,2025-10-17,98700.09,92455.71,93623.22,96563.13,62716.09,65717.37,22668.41,22971.59,-32051.96,tushare,tushare.moneyflow,Amounts are inferred by vendor order-size classification; net_mf_amount is source value or derived from buy/sell amount components when source net is null.,2026-06-25 23:24:32
600150.SH,2025-10-20,72456.95,64436.3,62933.22,63617.77,46318.14,39577.15,11678.1,25755.2,12852.3,tushare,tushare.moneyflow,Amounts are inferred by vendor order-size classification; net_mf_amount is source value or derived from buy/sell amount components when source net is null.,2026-06-25 23:24:32
600150.SH,2025-10-21,210570.69,203549.45,177940.32,177053.66,105164.96,115845.61,47363.24,44590.49,103142.45,tushare,tushare.moneyflow,Amounts are inferred by vendor order-size classification; net_mf_amount is source value or derived from buy/sell amount components when source net is null.,2026-06-25 23:24:32
600150.SH,2025-10-22,109383.98,108542.08,88812.07,89597.43,55911.71,52565.08,22123.17,25526.35,-69347.92,tushare,tushare.moneyflow,Amounts are inferred by vendor order-size classification; net_mf_amount is source value or derived from buy/sell amount components when source net is null.,2026-06-25 23:24:32
600150.SH,2025-10-23,78174.94,74498.82,58400.07,60437.58,38017.28,37198.48,11719.56,14176.97,-29527.82,tushare,tushare.moneyflow,Amounts are inferred by vendor order-size classification; net_mf_amount is source value or derived from buy/sell amount components when source net is null.,2026-06-25 23:24:32
600150.SH,2025-10-24,84469.35,85953.93,80748.06,78584.3,52314.54,50638.16,22240.82,24596.39,12318.37,tushare,tushare.moneyflow,Amounts are inferred by vendor order-size classification; net_mf_amount is source value or derived from buy/sell amount components when source net is null.,2026-06-25 23:24:32
600150.SH,2025-10-27,173911.75,165657.36,159802.46,152467.71,99724.18,107923.47,34294.14,41684.0,71278.16,tushare,tushare.moneyflow,Amounts are inferred by vendor order-size classification; net_mf_amount is source value or derived from buy/sell amount components when source net is null.,2026-06-25 23:24:32
600150.SH,2025-10-28,110076.62,105836.51,111182.63,109385.06,75455.76,79226.17,31619.93,33887.2,-5662.28,tushare,tushare.moneyflow,Amounts are inferred by vendor order-size classification; net_mf_amount is source value or derived from buy/sell amount components when source net is null.,2026-06-25 23:24:32
600150.SH,2025-10-29,86006.92,81862.41,98590.94,90552.51,72765.41,71260.81,33402.93,47090.48,19879.81,tushare,tushare.moneyflow,Amounts are inferred by vendor order-size classification; net_mf_amount is source value or derived from buy/sell amount components when source net is null.,2026-06-25 23:24:32
600150.SH,2025-10-30,111640.89,110611.37,104301.06,96205.4,67075.78,67088.41,26007.39,35119.94,-47644.2,tushare,tushare.moneyflow,Amounts are inferred by vendor order-size classification; net_mf_amount is source value or derived from buy/sell amount components when source net is null.,2026-06-25 23:24:32
600150.SH,2025-10-31,110602.16,112214.07,96024.35,95973.11,62011.54,63650.41,31840.54,28641.0,-50986.54,tushare,tushare.moneyflow,Amounts are inferred by vendor order-size classification; net_mf_amount is source value or derived from buy/sell amount components when source net is null.,2026-06-25 23:24:32
600150.SH,2025-11-03,98709.46,99167.87,86755.93,89630.35,53770.12,57498.78,35832.6,28771.1,28320.1,tushare,tushare.moneyflow,Amounts are inferred by vendor order-size classification; net_mf_amount is source value or derived from buy/sell amount components when source net is null.,2026-06-25 23:24:32
600150.SH,2025-11-04,87058.02,92294.04,80203.69,81162.84,58286.6,52274.54,26073.88,25890.76,-28675.34,tushare,tushare.moneyflow,Amounts are inferred by vendor order-size classification; net_mf_amount is source value or derived from buy/sell amount components when source net is null.,2026-06-25 23:24:32
600150.SH,2025-11-05,81345.09,79312.24,72627.42,69102.32,44964.72,45155.13,14270.58,19638.11,17032.81,tushare,tushare.moneyflow,Amounts are inferred by vendor order-size classification; net_mf_amount is source value or derived from buy/sell amount components when source net is null.,2026-06-25 23:24:32
600150.SH,2025-11-06,74500.86,74735.52,70710.28,72366.2,51140.75,50424.2,20560.16,19386.14,-38379.86,tushare,tushare.moneyflow,Amounts are inferred by vendor order-size classification; net_mf_amount is source value or derived from buy/sell amount components when source net is null.,2026-06-25 23:24:32
600150.SH,2025-11-07,159235.32,159095.04,151447.45,154144.23,112614.82,114435.54,43224.95,38847.74,-39475.45,tushare,tushare.moneyflow,Amounts are inferred by vendor order-size classification; net_mf_amount is source value or derived from buy/sell amount components when source net is null.,2026-06-25 23:24:32
600150.SH,2025-11-10,124874.59,113920.53,105210.95,104403.86,71415.1,75920.87,28661.43,35916.8,-53383.86,tushare,tushare.moneyflow,Amounts are inferred by vendor order-size classification; net_mf_amount is source value or derived from buy/sell amount components when source net is null.,2026-06-25 23:24:32
600150.SH,2025-11-11,98750.18,92372.53,82170.29,83662.93,51395.8,52389.45,15943.59,19834.95,-60561.92,tushare,tushare.moneyflow,Amounts are inferred by vendor order-size classification; net_mf_amount is source value or derived from buy/sell amount components when source net is null.,2026-06-25 23:24:32
600150.SH,2025-11-12,78310.13,74287.3,66478.11,62780.81,42530.03,40009.68,16106.83,26347.31,-36413.38,tushare,tushare.moneyflow,Amounts are inferred by vendor order-size classification; net_mf_amount is source value or derived from buy/sell amount components when source net is null.,2026-06-25 23:24:32
600150.SH,2025-11-13,55455.85,53789.85,53589.8,52226.18,33061.33,34079.35,17598.74,19610.34,-13396.39,tushare,tushare.moneyflow,Amounts are inferred by vendor order-size classification; net_mf_amount is source value or derived from buy/sell amount components when source net is null.,2026-06-25 23:24:32
600150.SH,2025-11-14,47088.92,46430.57,39743.75,39660.58,25862.95,23809.5,10314.08,13109.05,-28538.5,tushare,tushare.moneyflow,Amounts are inferred by vendor order-size classification; net_mf_amount is source value or derived from buy/sell amount components when source net is null.,2026-06-25 23:24:32
600150.SH,2025-11-17,94282.18,96238.72,90477.27,90316.5,62399.86,64740.49,27355.94,23219.53,-4542.9,tushare,tushare.moneyflow,Amounts are inferred by vendor order-size classification; net_mf_amount is source value or derived from buy/sell amount components when source net is null.,2026-06-25 23:24:32
600150.SH,2025-11-18,81488.43,73550.76,59732.39,60354.86,35677.66,40604.86,13582.13,15970.13,-50357.63,tushare,tushare.moneyflow,Amounts are inferred by vendor order-size classification; net_mf_amount is source value or derived from buy/sell amount components when source net is null.,2026-06-25 23:24:32
600150.SH,2025-11-19,138213.74,140755.86,132926.13,132295.7,81966.74,84168.12,30402.4,26289.32,89157.92,tushare,tushare.moneyflow,Amounts are inferred by vendor order-size classification; net_mf_amount is source value or derived from buy/sell amount components when source net is null.,2026-06-25 23:24:32
600150.SH,2025-11-20,74721.13,68285.0,66862.49,70244.38,47196.18,48088.72,13961.5,16123.2,-26371.78,tushare,tushare.moneyflow,Amounts are inferred by vendor order-size classification; net_mf_amount is source value or derived from buy/sell amount components when source net is null.,2026-06-25 23:24:32
600150.SH,2025-11-21,102717.16,98577.59,103055.64,95347.09,60031.64,63444.36,23539.38,31974.77,-4391.94,tushare,tushare.moneyflow,Amounts are inferred by vendor order-size classification; net_mf_amount is source value or derived from buy/sell amount components when source net is null.,2026-06-25 23:24:32
600150.SH,2025-11-24,181216.07,172434.48,165799.0,165483.58,111127.81,112982.09,44144.61,51387.35,126602.97,tushare,tushare.moneyflow,Amounts are inferred by vendor order-size classification; net_mf_amount is source value or derived from buy/sell amount components when source net is null.,2026-06-25 23:24:32
600150.SH,2025-11-25,120258.73,122887.18,113444.3,112448.24,79904.49,79916.65,34416.46,32771.91,-74785.38,tushare,tushare.moneyflow,Amounts are inferred by vendor order-size classification; net_mf_amount is source value or derived from buy/sell amount components when source net is null.,2026-06-25 23:24:32
600150.SH,2025-11-26,101433.57,103416.29,86403.31,85425.71,53818.32,57538.61,26474.65,21749.25,-76339.56,tushare,tushare.moneyflow,Amounts are inferred by vendor order-size classification; net_mf_amount is source value or derived from buy/sell amount components when source net is null.,2026-06-25 23:24:32
600150.SH,2025-11-27,48306.62,46877.58,44945.52,45172.25,30396.95,35247.23,17453.47,13805.5,-22581.07,tushare,tushare.moneyflow,Amounts are inferred by vendor order-size classification; net_mf_amount is source value or derived from buy/sell amount components when source net is null.,2026-06-25 23:24:32
600150.SH,2025-11-28,51460.23,53523.9,53513.16,55114.33,38003.93,36166.48,17970.92,16143.54,6618.13,tushare,tushare.moneyflow,Amounts are inferred by vendor order-size classification; net_mf_amount is source value or derived from buy/sell amount components when source net is null.,2026-06-25 23:24:32
600150.SH,2025-12-01,55613.33,49683.92,44486.17,49883.66,33018.81,31069.84,15722.84,18203.73,-1396.66,tushare,tushare.moneyflow,Amounts are inferred by vendor order-size classification; net_mf_amount is source value or derived from buy/sell amount components when source net is null.,2026-06-25 23:24:32
600150.SH,2025-12-02,62372.67,60882.85,60008.32,61906.98,44138.69,40790.54,12787.19,15726.5,5145.72,tushare,tushare.moneyflow,Amounts are inferred by vendor order-size classification; net_mf_amount is source value or derived from buy/sell amount components when source net is null.,2026-06-25 23:24:32
600150.SH,2025-12-03,74490.25,70105.14,63438.16,62783.97,43038.17,44727.64,20321.08,23670.89,-68046.95,tushare,tushare.moneyflow,Amounts are inferred by vendor order-size classification; net_mf_amount is source value or derived from buy/sell amount components when source net is null.,2026-06-25 23:24:32
600150.SH,2025-12-04,64963.23,58619.57,56084.89,56049.29,35221.84,37975.35,10596.22,14221.98,-13895.48,tushare,tushare.moneyflow,Amounts are inferred by vendor order-size classification; net_mf_amount is source value or derived from buy/sell amount components when source net is null.,2026-06-25 23:24:32
600150.SH,2025-12-05,47665.39,44220.65,46267.81,44441.2,32463.86,33777.42,7650.9,11608.69,15040.46,tushare,tushare.moneyflow,Amounts are inferred by vendor order-size classification; net_mf_amount is source value or derived from buy/sell amount components when source net is null.,2026-06-25 23:24:32
600150.SH,2025-12-08,61160.0,57352.08,54007.44,54092.62,37291.95,34983.33,8343.78,14375.14,-22296.79,tushare,tushare.moneyflow,Amounts are inferred by vendor order-size classification; net_mf_amount is source value or derived from buy/sell amount components when source net is null.,2026-06-25 23:24:32
600150.SH,2025-12-09,157948.73,163848.62,147964.35,159358.32,123099.12,116469.12,55395.37,44731.51,28542.19,tushare,tushare.moneyflow,Amounts are inferred by vendor order-size classification; net_mf_amount is source value or derived from buy/sell amount components when source net is null.,2026-06-25 23:24:32
600150.SH,2025-12-10,71374.41,70588.71,58484.86,66292.59,42446.59,39749.74,13854.26,9529.08,-14370.45,tushare,tushare.moneyflow,Amounts are inferred by vendor order-size classification; net_mf_amount is source value or derived from buy/sell amount components when source net is null.,2026-06-25 23:24:32
600150.SH,2025-12-11,62412.19,60494.28,58494.84,59007.83,32494.33,30400.23,9428.49,12927.52,-38705.42,tushare,tushare.moneyflow,Amounts are inferred by vendor order-size classification; net_mf_amount is source value or derived from buy/sell amount components when source net is null.,2026-06-25 23:24:32
600150.SH,2025-12-12,67754.32,66781.81,60165.5,59359.98,39766.21,38668.36,7238.28,10114.15,16068.15,tushare,tushare.moneyflow,Amounts are inferred by vendor order-size classification; net_mf_amount is source value or derived from buy/sell amount components when source net is null.,2026-06-25 23:24:32
600150.SH,2025-12-15,61772.9,57352.56,48060.85,52775.87,29607.96,30683.85,8093.31,6722.73,-30487.41,tushare,tushare.moneyflow,Amounts are inferred by vendor order-size classification; net_mf_amount is source value or derived from buy/sell amount components when source net is null.,2026-06-25 23:24:32
600150.SH,2025-12-16,96553.42,95368.57,69610.34,73812.09,43717.01,44424.48,16569.34,12844.98,-63205.0,tushare,tushare.moneyflow,Amounts are inferred by vendor order-size classification; net_mf_amount is source value or derived from buy/sell amount components when source net is null.,2026-06-25 23:24:32
600150.SH,2025-12-17,67706.68,58892.18,47834.83,54363.54,29258.03,30395.83,8260.92,9408.9,4316.15,tushare,tushare.moneyflow,Amounts are inferred by vendor order-size classification; net_mf_amount is source value or derived from buy/sell amount components when source net is null.,2026-06-25 23:24:32
600150.SH,2025-12-18,45842.05,40667.86,39290.87,41437.95,23181.7,24491.58,7025.44,8742.67,-14564.54,tushare,tushare.moneyflow,Amounts are inferred by vendor order-size classification; net_mf_amount is source value or derived from buy/sell amount components when source net is null.,2026-06-25 23:24:32
600150.SH,2025-12-19,48862.65,47178.03,37075.21,41007.62,26861.06,29692.83,32985.11,27905.55,23343.18,tushare,tushare.moneyflow,Amounts are inferred by vendor order-size classification; net_mf_amount is source value or derived from buy/sell amount components when source net is null.,2026-06-25 23:24:32
600150.SH,2025-12-22,50942.46,49308.68,39383.31,39078.87,26994.86,28171.71,6307.72,7069.09,-581.19,tushare,tushare.moneyflow,Amounts are inferred by vendor order-size classification; net_mf_amount is source value or derived from buy/sell amount components when source net is null.,2026-06-25 23:24:32
600150.SH,2025-12-23,55200.9,49297.99,44799.6,46330.63,29595.1,34864.19,10578.53,9681.3,24557.27,tushare,tushare.moneyflow,Amounts are inferred by vendor order-size classification; net_mf_amount is source value or derived from buy/sell amount components when source net is null.,2026-06-25 23:24:32
600150.SH,2025-12-24,46634.06,38587.22,34656.97,37067.03,23690.66,25154.83,7228.14,11400.75,16481.74,tushare,tushare.moneyflow,Amounts are inferred by vendor order-size classification; net_mf_amount is source value or derived from buy/sell amount components when source net is null.,2026-06-25 23:24:32
600150.SH,2025-12-25,66777.21,58752.79,52553.79,52868.13,33803.8,36751.9,12188.78,16950.77,41765.63,tushare,tushare.moneyflow,Amounts are inferred by vendor order-size classification; net_mf_amount is source value or derived from buy/sell amount components when source net is null.,2026-06-25 23:24:32
600150.SH,2025-12-26,57526.04,51014.68,53624.8,52550.67,31470.76,31905.7,8814.99,15965.54,-4689.37,tushare,tushare.moneyflow,Amounts are inferred by vendor order-size classification; net_mf_amount is source value or derived from buy/sell amount components when source net is null.,2026-06-25 23:24:32
600150.SH,2025-12-29,48242.76,46049.84,38505.97,40957.08,25915.8,21985.4,4860.13,8532.33,-12701.24,tushare,tushare.moneyflow,Amounts are inferred by vendor order-size classification; net_mf_amount is source value or derived from buy/sell amount components when source net is null.,2026-06-25 23:24:32
600150.SH,2025-12-30,51848.66,48582.73,41200.32,45325.88,25343.46,24397.22,7189.55,7276.17,-15774.13,tushare,tushare.moneyflow,Amounts are inferred by vendor order-size classification; net_mf_amount is source value or derived from buy/sell amount components when source net is null.,2026-06-25 23:24:32
600150.SH,2025-12-31,46472.13,43425.48,41524.14,43415.16,33705.55,32083.19,9006.81,11784.79,7549.24,tushare,tushare.moneyflow,Amounts are inferred by vendor order-size classification; net_mf_amount is source value or derived from buy/sell amount components when source net is null.,2026-06-25 23:24:32
600150.SH,2026-01-05,143740.23,133637.68,119213.91,116153.1,69811.21,73142.53,30042.94,39874.99,118638.35,tushare,tushare.moneyflow,Amounts are inferred by vendor order-size classification; net_mf_amount is source value or derived from buy/sell amount components when source net is null.,2026-06-25 23:24:32
600150.SH,2026-01-06,140314.28,122759.48,106282.31,105302.43,65144.47,67858.9,27088.3,42908.55,67202.94,tushare,tushare.moneyflow,Amounts are inferred by vendor order-size classification; net_mf_amount is source value or derived from buy/sell amount components when source net is null.,2026-06-25 23:24:32
600150.SH,2026-01-07,93363.76,91262.67,73169.11,75230.03,49873.65,46017.88,22229.52,26125.45,-46893.5,tushare,tushare.moneyflow,Amounts are inferred by vendor order-size classification; net_mf_amount is source value or derived from buy/sell amount components when source net is null.,2026-06-25 23:24:32
600150.SH,2026-01-08,197480.36,196589.72,171875.87,168428.67,111881.37,119734.15,57044.51,53529.57,124711.65,tushare,tushare.moneyflow,Amounts are inferred by vendor order-size classification; net_mf_amount is source value or derived from buy/sell amount components when source net is null.,2026-06-25 23:24:32
600150.SH,2026-01-09,129938.61,121734.33,111734.14,109655.19,76532.14,76059.93,37649.49,48404.94,-1073.41,tushare,tushare.moneyflow,Amounts are inferred by vendor order-size classification; net_mf_amount is source value or derived from buy/sell amount components when source net is null.,2026-06-25 23:24:32
600150.SH,2026-01-12,115621.33,120552.76,109590.82,108912.96,75553.87,76714.13,48728.76,43314.93,20228.42,tushare,tushare.moneyflow,Amounts are inferred by vendor order-size classification; net_mf_amount is source value or derived from buy/sell amount components when source net is null.,2026-06-25 23:24:32
600150.SH,2026-01-13,117676.9,116383.51,108630.74,104921.48,72192.83,70502.27,27760.69,34453.89,21537.56,tushare,tushare.moneyflow,Amounts are inferred by vendor order-size classification; net_mf_amount is source value or derived from buy/sell amount components when source net is null.,2026-06-25 23:24:32
600150.SH,2026-01-14,131464.95,126380.96,120290.8,121758.3,88368.08,86435.41,31205.62,36754.77,27249.51,tushare,tushare.moneyflow,Amounts are inferred by vendor order-size classification; net_mf_amount is source value or derived from buy/sell amount components when source net is null.,2026-06-25 23:24:32
600150.SH,2026-01-15,96949.78,101076.46,88240.0,89407.58,58942.64,54174.02,30781.6,30255.96,21371.56,tushare,tushare.moneyflow,Amounts are inferred by vendor order-size classification; net_mf_amount is source value or derived from buy/sell amount components when source net is null.,2026-06-25 23:24:32
600150.SH,2026-01-16,100576.19,113957.42,92490.47,87730.33,52802.05,46151.41,24412.78,22442.31,-70272.66,tushare,tushare.moneyflow,Amounts are inferred by vendor order-size classification; net_mf_amount is source value or derived from buy/sell amount components when source net is null.,2026-06-25 23:24:32
600150.SH,2026-01-19,93341.31,97438.51,83806.12,82370.27,56317.42,55421.04,24171.61,22406.62,13288.09,tushare,tushare.moneyflow,Amounts are inferred by vendor order-size classification; net_mf_amount is source value or derived from buy/sell amount components when source net is null.,2026-06-25 23:24:32
600150.SH,2026-01-20,70532.43,77200.95,66439.97,63396.97,42162.04,39162.98,20549.62,19923.16,-24093.36,tushare,tushare.moneyflow,Amounts are inferred by vendor order-size classification; net_mf_amount is source value or derived from buy/sell amount components when source net is null.,2026-06-25 23:24:32
600150.SH,2026-01-21,104831.76,118213.1,91249.28,94763.08,62966.95,51326.83,24258.5,19003.5,-31551.39,tushare,tushare.moneyflow,Amounts are inferred by vendor order-size classification; net_mf_amount is source value or derived from buy/sell amount components when source net is null.,2026-06-25 23:24:32
600150.SH,2026-01-22,146087.58,160086.02,147417.61,142360.14,109371.21,109835.52,56205.84,46800.57,40109.29,tushare,tushare.moneyflow,Amounts are inferred by vendor order-size classification; net_mf_amount is source value or derived from buy/sell amount components when source net is null.,2026-06-25 23:24:32
600150.SH,2026-01-23,151819.54,166455.13,137150.87,138314.99,95433.86,80450.54,37248.76,36432.36,-91108.45,tushare,tushare.moneyflow,Amounts are inferred by vendor order-size classification; net_mf_amount is source value or derived from buy/sell amount components when source net is null.,2026-06-25 23:24:32
600150.SH,2026-01-26,113199.65,125531.87,115048.0,116016.15,79142.92,64594.08,41115.32,42363.79,-32280.6,tushare,tushare.moneyflow,Amounts are inferred by vendor order-size classification; net_mf_amount is source value or derived from buy/sell amount components when source net is null.,2026-06-25 23:24:32
600150.SH,2026-01-27,89978.63,100759.59,74967.93,74925.42,48473.86,44266.92,26740.94,20209.43,-39039.65,tushare,tushare.moneyflow,Amounts are inferred by vendor order-size classification; net_mf_amount is source value or derived from buy/sell amount components when source net is null.,2026-06-25 23:24:32
600150.SH,2026-01-28,118227.05,136016.2,105116.28,114386.55,75159.23,58889.54,35020.98,24231.26,-57699.42,tushare,tushare.moneyflow,Amounts are inferred by vendor order-size classification; net_mf_amount is source value or derived from buy/sell amount components when source net is null.,2026-06-25 23:24:32
600150.SH,2026-01-29,124843.26,127393.46,107296.26,113946.54,72588.81,66810.67,37062.59,33640.25,-51486.89,tushare,tushare.moneyflow,Amounts are inferred by vendor order-size classification; net_mf_amount is source value or derived from buy/sell amount components when source net is null.,2026-06-25 23:24:32
600150.SH,2026-01-30,140884.56,136839.05,113802.29,116406.91,70816.78,66855.3,32079.68,37482.05,-98079.05,tushare,tushare.moneyflow,Amounts are inferred by vendor order-size classification; net_mf_amount is source value or derived from buy/sell amount components when source net is null.,2026-06-25 23:24:32
600150.SH,2026-02-02,129752.98,137489.13,104250.82,108134.95,76393.63,65161.77,28682.79,28294.36,-41290.66,tushare,tushare.moneyflow,Amounts are inferred by vendor order-size classification; net_mf_amount is source value or derived from buy/sell amount components when source net is null.,2026-06-25 23:24:32
600150.SH,2026-02-03,168850.05,164880.22,150693.99,147782.8,108785.34,108574.99,34515.68,41607.04,101933.86,tushare,tushare.moneyflow,Amounts are inferred by vendor order-size classification; net_mf_amount is source value or derived from buy/sell amount components when source net is null.,2026-06-25 23:24:32
600150.SH,2026-02-04,129205.59,132444.03,128317.4,121409.21,90506.97,91170.91,40867.11,43872.93,25915.36,tushare,tushare.moneyflow,Amounts are inferred by vendor order-size classification; net_mf_amount is source value or derived from buy/sell amount components when source net is null.,2026-06-25 23:24:32
600150.SH,2026-02-05,75420.75,79880.56,61696.14,62456.92,44503.44,38329.84,14588.47,15541.48,-35430.78,tushare,tushare.moneyflow,Amounts are inferred by vendor order-size classification; net_mf_amount is source value or derived from buy/sell amount components when source net is null.,2026-06-25 23:24:32
600150.SH,2026-02-06,86844.43,90620.41,70685.6,73912.85,46893.18,43412.5,13856.1,10333.55,-56429.18,tushare,tushare.moneyflow,Amounts are inferred by vendor order-size classification; net_mf_amount is source value or derived from buy/sell amount components when source net is null.,2026-06-25 23:24:32
600150.SH,2026-02-09,52457.31,60159.98,46746.78,45168.05,35159.03,31715.46,12449.4,9769.04,-5026.21,tushare,tushare.moneyflow,Amounts are inferred by vendor order-size classification; net_mf_amount is source value or derived from buy/sell amount components when source net is null.,2026-06-25 23:24:32
600150.SH,2026-02-10,95563.47,97446.9,98765.93,98220.38,68840.33,70028.35,38904.52,36378.61,60702.34,tushare,tushare.moneyflow,Amounts are inferred by vendor order-size classification; net_mf_amount is source value or derived from buy/sell amount components when source net is null.,2026-06-25 23:24:32
600150.SH,2026-02-11,94855.6,98224.15,96780.86,98730.17,65574.55,70986.98,43634.4,32904.1,4364.9,tushare,tushare.moneyflow,Amounts are inferred by vendor order-size classification; net_mf_amount is source value or derived from buy/sell amount components when source net is null.,2026-06-25 23:24:32
600150.SH,2026-02-12,172595.03,176214.45,158858.81,160645.37,123941.5,118730.3,65532.21,65337.42,130968.3,tushare,tushare.moneyflow,Amounts are inferred by vendor order-size classification; net_mf_amount is source value or derived from buy/sell amount components when source net is null.,2026-06-25 23:24:32
600150.SH,2026-02-13,165840.61,158184.12,148741.17,150031.92,100981.25,104177.44,43197.94,46367.49,67268.2,tushare,tushare.moneyflow,Amounts are inferred by vendor order-size classification; net_mf_amount is source value or derived from buy/sell amount components when source net is null.,2026-06-25 23:24:32
600150.SH,2026-02-24,156518.16,159977.17,153251.31,154743.64,120259.87,117792.12,73115.54,70631.95,92224.55,tushare,tushare.moneyflow,Amounts are inferred by vendor order-size classification; net_mf_amount is source value or derived from buy/sell amount components when source net is null.,2026-06-25 23:24:32
600150.SH,2026-02-25,194533.24,187627.14,178647.58,171310.76,129060.0,131738.28,71120.93,82685.57,135007.89,tushare,tushare.moneyflow,Amounts are inferred by vendor order-size classification; net_mf_amount is source value or derived from buy/sell amount components when source net is null.,2026-06-25 23:24:32
600150.SH,2026-02-26,111867.2,103003.73,98152.98,99876.69,79601.3,81788.56,39660.25,44612.74,31254.36,tushare,tushare.moneyflow,Amounts are inferred by vendor order-size classification; net_mf_amount is source value or derived from buy/sell amount components when source net is null.,2026-06-25 23:24:32
600150.SH,2026-02-27,107572.42,103538.17,104304.43,102457.19,77285.36,77717.37,43396.24,48845.71,-14010.74,tushare,tushare.moneyflow,Amounts are inferred by vendor order-size classification; net_mf_amount is source value or derived from buy/sell amount components when source net is null.,2026-06-25 23:24:32
600150.SH,2026-03-02,146156.96,146257.81,155460.71,146274.96,97353.67,104400.64,51573.76,53611.7,42618.19,tushare,tushare.moneyflow,Amounts are inferred by vendor order-size classification; net_mf_amount is source value or derived from buy/sell amount components when source net is null.,2026-06-25 23:24:32
600150.SH,2026-03-03,156126.3,151258.75,169827.59,157066.11,115426.9,114995.57,60464.71,78525.07,-3225.03,tushare,tushare.moneyflow,Amounts are inferred by vendor order-size classification; net_mf_amount is source value or derived from buy/sell amount components when source net is null.,2026-06-25 23:24:32
600150.SH,2026-03-04,175726.38,185858.0,193663.57,179363.83,141604.98,138178.08,65066.08,72661.1,107401.47,tushare,tushare.moneyflow,Amounts are inferred by vendor order-size classification; net_mf_amount is source value or derived from buy/sell amount components when source net is null.,2026-06-25 23:24:32
600150.SH,2026-03-05,130618.52,139451.65,129045.19,131990.64,92806.16,91450.01,59445.6,49023.17,25533.38,tushare,tushare.moneyflow,Amounts are inferred by vendor order-size classification; net_mf_amount is source value or derived from buy/sell amount components when source net is null.,2026-06-25 23:24:32
600150.SH,2026-03-06,138008.72,134955.32,117662.57,117594.51,89217.8,91488.42,39127.95,39978.78,35386.1,tushare,tushare.moneyflow,Amounts are inferred by vendor order-size classification; net_mf_amount is source value or derived from buy/sell amount components when source net is null.,2026-06-25 23:24:32
600150.SH,2026-03-09,166684.67,153991.98,138142.58,141203.37,94554.49,93433.79,62370.77,73123.35,-73168.8,tushare,tushare.moneyflow,Amounts are inferred by vendor order-size classification; net_mf_amount is source value or derived from buy/sell amount components when source net is null.,2026-06-25 23:24:32
600150.SH,2026-03-10,113776.35,105650.39,96889.12,93890.79,59027.68,64706.58,30351.68,35797.05,-39936.44,tushare,tushare.moneyflow,Amounts are inferred by vendor order-size classification; net_mf_amount is source value or derived from buy/sell amount components when source net is null.,2026-06-25 23:24:32
600150.SH,2026-03-11,108741.76,100191.91,96332.61,90147.62,65612.52,68494.51,24330.97,36183.81,-44324.75,tushare,tushare.moneyflow,Amounts are inferred by vendor order-size classification; net_mf_amount is source value or derived from buy/sell amount components when source net is null.,2026-06-25 23:24:32
600150.SH,2026-03-12,99804.12,104349.02,76942.89,75302.28,55266.71,63269.76,49705.83,38798.48,-56640.32,tushare,tushare.moneyflow,Amounts are inferred by vendor order-size classification; net_mf_amount is source value or derived from buy/sell amount components when source net is null.,2026-06-25 23:24:32
600150.SH,2026-03-13,105123.58,100300.33,86527.71,82469.15,59258.51,63801.65,30038.91,34377.57,-63989.55,tushare,tushare.moneyflow,Amounts are inferred by vendor order-size classification; net_mf_amount is source value or derived from buy/sell amount components when source net is null.,2026-06-25 23:24:32
600150.SH,2026-03-16,108281.94,104742.26,82957.17,85161.61,58538.35,65363.47,33526.98,28037.1,-43013.55,tushare,tushare.moneyflow,Amounts are inferred by vendor order-size classification; net_mf_amount is source value or derived from buy/sell amount components when source net is null.,2026-06-25 23:24:32
600150.SH,2026-03-17,103544.26,101988.07,79461.47,83623.39,56942.39,59880.5,38897.1,33353.26,-56933.17,tushare,tushare.moneyflow,Amounts are inferred by vendor order-size classification; net_mf_amount is source value or derived from buy/sell amount components when source net is null.,2026-06-25 23:24:32
600150.SH,2026-03-18,92183.32,94287.98,74523.15,72380.43,50594.01,44580.82,25700.25,31751.49,-17492.31,tushare,tushare.moneyflow,Amounts are inferred by vendor order-size classification; net_mf_amount is source value or derived from buy/sell amount components when source net is null.,2026-06-25 23:24:32
600150.SH,2026-03-19,88208.37,94857.73,80185.24,91100.7,82769.89,63796.72,24210.06,25618.41,-41974.94,tushare,tushare.moneyflow,Amounts are inferred by vendor order-size classification; net_mf_amount is source value or derived from buy/sell amount components when source net is null.,2026-06-25 23:24:32
600150.SH,2026-03-20,108869.0,109419.51,84755.29,84860.48,57188.34,58948.61,75628.01,73212.04,-108304.86,tushare,tushare.moneyflow,Amounts are inferred by vendor order-size classification; net_mf_amount is source value or derived from buy/sell amount components when source net is null.,2026-06-25 23:24:32
600150.SH,2026-03-23,160883.72,154585.0,135392.7,130412.69,96687.67,100594.84,43344.34,50715.91,-49285.08,tushare,tushare.moneyflow,Amounts are inferred by vendor order-size classification; net_mf_amount is source value or derived from buy/sell amount components when source net is null.,2026-06-25 23:24:32
600150.SH,2026-03-24,89984.91,83667.11,76918.7,74889.05,50029.07,53109.22,26353.25,31620.57,-181.81,tushare,tushare.moneyflow,Amounts are inferred by vendor order-size classification; net_mf_amount is source value or derived from buy/sell amount components when source net is null.,2026-06-25 23:24:32
600150.SH,2026-03-25,80100.29,72970.82,73834.88,74342.52,53375.74,60868.25,20132.5,19261.82,-15924.33,tushare,tushare.moneyflow,Amounts are inferred by vendor order-size classification; net_mf_amount is source value or derived from buy/sell amount components when source net is null.,2026-06-25 23:24:32
600150.SH,2026-03-26,102198.13,88189.29,83609.05,79521.55,55586.88,58392.16,17360.23,32651.29,-49610.86,tushare,tushare.moneyflow,Amounts are inferred by vendor order-size classification; net_mf_amount is source value or derived from buy/sell amount components when source net is null.,2026-06-25 23:24:32
600150.SH,2026-03-27,58480.86,53342.13,53148.46,47859.79,36961.18,37735.71,14001.19,23654.05,-4953.38,tushare,tushare.moneyflow,Amounts are inferred by vendor order-size classification; net_mf_amount is source value or derived from buy/sell amount components when source net is null.,2026-06-25 23:24:32
600150.SH,2026-03-30,65695.62,60414.38,55766.19,55210.75,41512.59,45826.52,9560.18,11082.93,-14148.36,tushare,tushare.moneyflow,Amounts are inferred by vendor order-size classification; net_mf_amount is source value or derived from buy/sell amount components when source net is null.,2026-06-25 23:24:32
600150.SH,2026-03-31,87906.66,89811.27,78494.09,81491.39,69092.4,64738.04,21745.97,21198.41,-13458.09,tushare,tushare.moneyflow,Amounts are inferred by vendor order-size classification; net_mf_amount is source value or derived from buy/sell amount components when source net is null.,2026-06-25 23:24:32
600150.SH,2026-04-01,58891.48,63817.06,55691.09,55765.44,46220.89,38690.64,17754.24,20284.56,-19969.51,tushare,tushare.moneyflow,Amounts are inferred by vendor order-size classification; net_mf_amount is source value or derived from buy/sell amount components when source net is null.,2026-06-25 23:24:32
600150.SH,2026-04-02,55809.59,53408.74,48871.89,46949.25,30166.75,31885.17,13391.92,15997.0,-12710.98,tushare,tushare.moneyflow,Amounts are inferred by vendor order-size classification; net_mf_amount is source value or derived from buy/sell amount components when source net is null.,2026-06-25 23:24:32
600150.SH,2026-04-03,45737.69,43919.22,37050.31,33496.75,21241.96,21826.12,7550.07,12337.94,-13240.78,tushare,tushare.moneyflow,Amounts are inferred by vendor order-size classification; net_mf_amount is source value or derived from buy/sell amount components when source net is null.,2026-06-25 23:24:32
600150.SH,2026-04-07,125329.06,125248.43,115041.04,115583.71,86248.02,83632.19,30095.79,32249.59,75365.53,tushare,tushare.moneyflow,Amounts are inferred by vendor order-size classification; net_mf_amount is source value or derived from buy/sell amount components when source net is null.,2026-06-25 23:24:32
600150.SH,2026-04-08,106010.25,115323.91,102592.35,100960.26,77823.14,75372.99,41300.78,36069.35,7986.93,tushare,tushare.moneyflow,Amounts are inferred by vendor order-size classification; net_mf_amount is source value or derived from buy/sell amount components when source net is null.,2026-06-25 23:24:32
600150.SH,2026-04-09,66714.11,63988.24,55518.64,56190.98,37105.25,38952.71,18211.16,18417.24,-6601.23,tushare,tushare.moneyflow,Amounts are inferred by vendor order-size classification; net_mf_amount is source value or derived from buy/sell amount components when source net is null.,2026-06-25 23:24:32
600150.SH,2026-04-10,69310.25,67570.52,57418.36,58380.79,49323.47,49059.75,20355.6,21396.62,-5128.91,tushare,tushare.moneyflow,Amounts are inferred by vendor order-size classification; net_mf_amount is source value or derived from buy/sell amount components when source net is null.,2026-06-25 23:24:32
600150.SH,2026-04-13,55228.28,59498.41,52305.95,55037.19,46287.57,39800.54,15456.97,14942.63,-19082.7,tushare,tushare.moneyflow,Amounts are inferred by vendor order-size classification; net_mf_amount is source value or derived from buy/sell amount components when source net is null.,2026-06-25 23:24:32
600150.SH,2026-04-14,70240.29,65744.07,57699.81,62219.46,41595.41,41414.92,21717.25,21874.3,4926.33,tushare,tushare.moneyflow,Amounts are inferred by vendor order-size classification; net_mf_amount is source value or derived from buy/sell amount components when source net is null.,2026-06-25 23:24:32
600150.SH,2026-04-15,61896.39,59130.02,51185.9,52204.39,34428.65,39498.59,19265.35,15943.3,-32122.3,tushare,tushare.moneyflow,Amounts are inferred by vendor order-size classification; net_mf_amount is source value or derived from buy/sell amount components when source net is null.,2026-06-25 23:24:32
600150.SH,2026-04-16,59094.09,63247.33,57545.9,59124.35,37975.94,34999.0,24491.24,21736.49,-19449.95,tushare,tushare.moneyflow,Amounts are inferred by vendor order-size classification; net_mf_amount is source value or derived from buy/sell amount components when source net is null.,2026-06-25 23:24:32
600150.SH,2026-04-17,73809.63,76929.51,65306.1,65166.73,44886.11,44249.52,23669.54,21325.63,25255.63,tushare,tushare.moneyflow,Amounts are inferred by vendor order-size classification; net_mf_amount is source value or derived from buy/sell amount components when source net is null.,2026-06-25 23:24:32
600150.SH,2026-04-20,204494.79,211266.43,200814.33,187946.07,151582.0,139735.86,62973.06,80915.82,163102.09,tushare,tushare.moneyflow,Amounts are inferred by vendor order-size classification; net_mf_amount is source value or derived from buy/sell amount components when source net is null.,2026-06-25 23:24:32
600150.SH,2026-04-21,203376.31,196048.56,165864.97,165802.69,110592.59,116993.83,59056.86,60045.66,61584.58,tushare,tushare.moneyflow,Amounts are inferred by vendor order-size classification; net_mf_amount is source value or derived from buy/sell amount components when source net is null.,2026-06-25 23:24:32
600150.SH,2026-04-22,128117.37,124094.79,104007.39,97329.29,71970.64,71367.2,26406.99,37711.12,33100.29,tushare,tushare.moneyflow,Amounts are inferred by vendor order-size classification; net_mf_amount is source value or derived from buy/sell amount components when source net is null.,2026-06-25 23:24:32
600150.SH,2026-04-23,285420.87,293769.14,293722.57,277834.66,231899.37,208681.85,105327.78,136084.95,225552.39,tushare,tushare.moneyflow,Amounts are inferred by vendor order-size classification; net_mf_amount is source value or derived from buy/sell amount components when source net is null.,2026-06-25 23:24:32
600150.SH,2026-04-24,200142.81,202903.7,194391.28,189792.08,142432.86,153660.05,81981.44,72592.57,94843.46,tushare,tushare.moneyflow,Amounts are inferred by vendor order-size classification; net_mf_amount is source value or derived from buy/sell amount components when source net is null.,2026-06-25 23:24:32
600150.SH,2026-04-27,153591.18,144272.69,139690.5,133892.61,88214.27,95778.52,36078.52,43630.66,20105.46,tushare,tushare.moneyflow,Amounts are inferred by vendor order-size classification; net_mf_amount is source value or derived from buy/sell amount components when source net is null.,2026-06-25 23:24:32
600150.SH,2026-04-28,270017.33,267478.6,338515.91,347163.19,293549.55,294230.41,180099.04,173309.62,160073.91,tushare,tushare.moneyflow,Amounts are inferred by vendor order-size classification; net_mf_amount is source value or derived from buy/sell amount components when source net is null.,2026-06-25 23:24:32
600150.SH,2026-04-29,143896.33,140306.78,161418.26,168574.8,104172.26,110270.85,51659.89,41994.3,1717.76,tushare,tushare.moneyflow,Amounts are inferred by vendor order-size classification; net_mf_amount is source value or derived from buy/sell amount components when source net is null.,2026-06-25 23:24:32
600150.SH,2026-04-30,279601.5,241155.75,345786.19,312672.93,295389.6,276667.02,151112.83,241394.42,145882.11,tushare,tushare.moneyflow,Amounts are inferred by vendor order-size classification; net_mf_amount is source value or derived from buy/sell amount components when source net is null.,2026-06-25 23:24:32
600150.SH,2026-05-06,270095.89,255356.71,310800.96,304427.5,225855.2,218435.06,102299.51,130832.29,-50561.36,tushare,tushare.moneyflow,Amounts are inferred by vendor order-size classification; net_mf_amount is source value or derived from buy/sell amount components when source net is null.,2026-06-25 23:24:32
600150.SH,2026-05-07,181374.73,179919.43,172795.75,172848.84,120717.59,108220.84,37414.62,51313.57,-61935.58,tushare,tushare.moneyflow,Amounts are inferred by vendor order-size classification; net_mf_amount is source value or derived from buy/sell amount components when source net is null.,2026-06-25 23:24:32
600150.SH,2026-05-08,169564.79,178476.85,179423.58,174434.92,143887.31,125811.97,55682.03,69833.96,14569.88,tushare,tushare.moneyflow,Amounts are inferred by vendor order-size classification; net_mf_amount is source value or derived from buy/sell amount components when source net is null.,2026-06-25 23:24:32
600150.SH,2026-05-11,148571.19,160814.71,162384.42,169486.43,110521.82,90267.7,47707.42,48616.02,-25692.06,tushare,tushare.moneyflow,Amounts are inferred by vendor order-size classification; net_mf_amount is source value or derived from buy/sell amount components when source net is null.,2026-06-25 23:24:32
600150.SH,2026-05-12,146393.84,139943.96,142236.64,149678.13,126405.83,119821.27,43635.28,49228.23,-51629.96,tushare,tushare.moneyflow,Amounts are inferred by vendor order-size classification; net_mf_amount is source value or derived from buy/sell amount components when source net is null.,2026-06-25 23:24:32
600150.SH,2026-05-13,175834.76,192462.09,206448.63,198495.54,169744.96,143889.59,65875.71,83056.84,55148.05,tushare,tushare.moneyflow,Amounts are inferred by vendor order-size classification; net_mf_amount is source value or derived from buy/sell amount components when source net is null.,2026-06-25 23:24:32
600150.SH,2026-05-14,124650.83,123394.49,140490.35,140069.15,103346.12,105237.66,44509.14,44295.15,-65610.02,tushare,tushare.moneyflow,Amounts are inferred by vendor order-size classification; net_mf_amount is source value or derived from buy/sell amount components when source net is null.,2026-06-25 23:24:32
600150.SH,2026-05-15,119258.74,124598.16,130754.27,136106.64,107416.8,98948.06,52909.57,50686.51,-22776.59,tushare,tushare.moneyflow,Amounts are inferred by vendor order-size classification; net_mf_amount is source value or derived from buy/sell amount components when source net is null.,2026-06-25 23:24:32
600150.SH,2026-05-18,232873.37,214391.07,180670.57,186851.05,135562.92,130986.23,53214.89,70093.41,-107548.44,tushare,tushare.moneyflow,Amounts are inferred by vendor order-size classification; net_mf_amount is source value or derived from buy/sell amount components when source net is null.,2026-06-25 23:24:32
600150.SH,2026-05-19,135629.09,123390.16,108412.2,122827.13,82713.1,72798.66,24260.49,31998.93,-53353.5,tushare,tushare.moneyflow,Amounts are inferred by vendor order-size classification; net_mf_amount is source value or derived from buy/sell amount components when source net is null.,2026-06-25 23:24:32
600150.SH,2026-05-20,146603.35,152583.22,132480.49,133855.65,100714.68,96285.38,28280.71,25354.97,24499.05,tushare,tushare.moneyflow,Amounts are inferred by vendor order-size classification; net_mf_amount is source value or derived from buy/sell amount components when source net is null.,2026-06-25 23:24:32
600150.SH,2026-05-21,176636.12,184619.4,156789.34,152505.61,100176.71,99525.89,47005.37,43956.62,-4734.35,tushare,tushare.moneyflow,Amounts are inferred by vendor order-size classification; net_mf_amount is source value or derived from buy/sell amount components when source net is null.,2026-06-25 23:24:32
600150.SH,2026-05-22,136538.53,144934.69,116103.12,129821.22,98767.64,81050.65,26825.62,22428.35,-49301.49,tushare,tushare.moneyflow,Amounts are inferred by vendor order-size classification; net_mf_amount is source value or derived from buy/sell amount components when source net is null.,2026-06-25 23:24:32
600150.SH,2026-05-25,126581.9,127031.89,92812.71,97492.78,52965.81,49157.17,30644.43,29323.0,-36188.24,tushare,tushare.moneyflow,Amounts are inferred by vendor order-size classification; net_mf_amount is source value or derived from buy/sell amount components when source net is null.,2026-06-25 23:24:32
600150.SH,2026-05-26,140371.1,140379.02,121122.99,122450.64,75749.67,70749.02,39507.83,43172.91,39152.63,tushare,tushare.moneyflow,Amounts are inferred by vendor order-size classification; net_mf_amount is source value or derived from buy/sell amount components when source net is null.,2026-06-25 23:24:32
600150.SH,2026-05-27,153299.67,167217.24,143140.4,150088.57,119790.78,102613.39,45825.91,42137.55,-42930.7,tushare,tushare.moneyflow,Amounts are inferred by vendor order-size classification; net_mf_amount is source value or derived from buy/sell amount components when source net is null.,2026-06-25 23:24:32
600150.SH,2026-05-28,124623.54,130605.11,115222.4,111721.41,74428.92,71254.27,30377.92,31071.99,-43878.72,tushare,tushare.moneyflow,Amounts are inferred by vendor order-size classification; net_mf_amount is source value or derived from buy/sell amount components when source net is null.,2026-06-25 23:24:32
600150.SH,2026-05-29,122966.57,126580.71,92529.98,98103.35,55747.59,53152.89,33923.62,27330.81,-27882.82,tushare,tushare.moneyflow,Amounts are inferred by vendor order-size classification; net_mf_amount is source value or derived from buy/sell amount components when source net is null.,2026-06-25 23:24:32
600150.SH,2026-06-01,105955.26,108945.57,83351.87,85616.27,57264.38,62485.01,34955.45,24480.12,-30110.97,tushare,tushare.moneyflow,Amounts are inferred by vendor order-size classification; net_mf_amount is source value or derived from buy/sell amount components when source net is null.,2026-06-25 23:24:32
600150.SH,2026-06-02,100659.9,95159.48,88478.91,89628.51,55142.34,58182.26,27239.95,28550.85,-5548.84,tushare,tushare.moneyflow,Amounts are inferred by vendor order-size classification; net_mf_amount is source value or derived from buy/sell amount components when source net is null.,2026-06-25 23:24:32
600150.SH,2026-06-03,87738.98,89925.34,73098.19,74979.44,45825.54,44565.73,19134.68,16326.88,-24654.02,tushare,tushare.moneyflow,Amounts are inferred by vendor order-size classification; net_mf_amount is source value or derived from buy/sell amount components when source net is null.,2026-06-25 23:24:32
600150.SH,2026-06-04,106629.14,115025.63,101765.27,101097.85,73017.49,72734.59,36046.97,28600.8,-3905.79,tushare,tushare.moneyflow,Amounts are inferred by vendor order-size classification; net_mf_amount is source value or derived from buy/sell amount components when source net is null.,2026-06-25 23:24:32
600150.SH,2026-06-05,125644.67,127781.99,104595.24,107189.52,62704.93,66244.34,31899.75,23628.74,-22768.96,tushare,tushare.moneyflow,Amounts are inferred by vendor order-size classification; net_mf_amount is source value or derived from buy/sell amount components when source net is null.,2026-06-25 23:24:32
600150.SH,2026-06-08,112075.1,112010.01,96409.68,96481.05,69037.59,62928.88,22908.79,29011.23,-28885.0,tushare,tushare.moneyflow,Amounts are inferred by vendor order-size classification; net_mf_amount is source value or derived from buy/sell amount components when source net is null.,2026-06-25 23:24:32
600150.SH,2026-06-09,110423.69,104941.1,95080.36,100556.63,51392.71,60948.79,39581.76,30032.0,-44112.51,tushare,tushare.moneyflow,Amounts are inferred by vendor order-size classification; net_mf_amount is source value or derived from buy/sell amount components when source net is null.,2026-06-25 23:24:32
600150.SH,2026-06-10,112481.05,114910.37,94424.28,95067.3,59630.45,57810.33,31598.57,30346.35,-7514.99,tushare,tushare.moneyflow,Amounts are inferred by vendor order-size classification; net_mf_amount is source value or derived from buy/sell amount components when source net is null.,2026-06-25 23:24:32
600150.SH,2026-06-11,84344.8,85788.37,56526.31,57198.44,46803.24,45916.22,23881.33,22652.65,-24067.93,tushare,tushare.moneyflow,Amounts are inferred by vendor order-size classification; net_mf_amount is source value or derived from buy/sell amount components when source net is null.,2026-06-25 23:24:32
600150.SH,2026-06-12,121997.32,124754.72,119423.19,117807.49,81712.2,80033.5,38678.2,39215.19,8693.8,tushare,tushare.moneyflow,Amounts are inferred by vendor order-size classification; net_mf_amount is source value or derived from buy/sell amount components when source net is null.,2026-06-25 23:24:32
600150.SH,2026-06-15,142198.59,149147.02,121976.94,129406.24,105981.1,87726.57,49626.87,53503.68,19037.93,tushare,tushare.moneyflow,Amounts are inferred by vendor order-size classification; net_mf_amount is source value or derived from buy/sell amount components when source net is null.,2026-06-25 23:24:32
600150.SH,2026-06-16,104943.98,104706.35,90335.26,93469.97,58147.49,55281.55,30378.75,30347.61,-2039.41,tushare,tushare.moneyflow,Amounts are inferred by vendor order-size classification; net_mf_amount is source value or derived from buy/sell amount components when source net is null.,2026-06-25 23:24:32
600150.SH,2026-06-17,141366.16,154803.18,130409.19,131362.65,98736.1,90811.86,44834.18,38367.93,19592.48,tushare,tushare.moneyflow,Amounts are inferred by vendor order-size classification; net_mf_amount is source value or derived from buy/sell amount components when source net is null.,2026-06-25 23:24:32
600150.SH,2026-06-18,153889.99,160618.13,133633.88,132889.16,94329.37,100042.62,49494.29,37797.62,-57131.22,tushare,tushare.moneyflow,Amounts are inferred by vendor order-size classification; net_mf_amount is source value or derived from buy/sell amount components when source net is null.,2026-06-25 23:24:32
600150.SH,2026-06-22,166093.41,166552.92,152149.92,156436.41,109313.49,100718.52,43100.41,46949.4,20463.02,tushare,tushare.moneyflow,Amounts are inferred by vendor order-size classification; net_mf_amount is source value or derived from buy/sell amount components when source net is null.,2026-06-25 23:24:32
600150.SH,2026-06-23,170880.05,183167.69,137185.72,145294.02,101201.85,96798.35,47904.13,31911.7,-115777.59,tushare,tushare.moneyflow,Amounts are inferred by vendor order-size classification; net_mf_amount is source value or derived from buy/sell amount components when source net is null.,2026-06-25 23:24:32
600150.SH,2026-06-24,117547.31,121812.35,93894.88,92647.71,67954.79,63568.72,25160.65,26528.86,-33267.03,tushare,tushare.moneyflow,Amounts are inferred by vendor order-size classification; net_mf_amount is source value or derived from buy/sell amount components when source net is null.,2026-06-25 23:24:32
600150.SH,2026-06-25,129672.9,131819.36,105231.79,102808.7,68613.08,66512.36,22190.25,24567.61,-14970.1,tushare,tushare.moneyflow,Amounts are inferred by vendor order-size classification; net_mf_amount is source value or derived from buy/sell amount components when source net is null.,2026-06-25 23:24:32
